{
    "frontier_mef_usecase" : {
        "Inter_State_EVC_EREACH_Over_ACCESS_EPL" : {
            "function": "interstate_evc_ereach_ov_accepl",
            "vendor" : {
                "cienna" : {
                    "onnet_offnet" : {

                    },
                    "enni" : {

                    },
                    "inni" : {

                    }
                },
                "rad" : {
                    "onnet_offnet" : {
                        "SVLAN": "Svlan",
                        "CIR": "CIR",
                        "COS": "Cos",
                        "User_Port": "User port",
                        "Network_Port": "Network port",
                        "Circuit_ID" : "Circuit ID",
                        "Local_MA_ID": "Local MA ID",
                        "Network": "Network",
                        "CircuitIDSerialNum": "Circuit ID Serial Number",
                        "MEP_ID_Local": "MEP Local ID",
                        "MEP_ID_Remote": "MEP Remote ID",
                        "Delay_SLA": "Delay SLA",
                        "Jitter_SLA": "Jitter SLA"
                    },
                    "enni" : {
                        "TVLAN": "TVlan",
                        "SVLAN": "SVlan",
                        "OVLAN": "Ovlan",
                        "EVLAN": "Evlan",
                        "COS": "Cos",
                        "CBR_Port": "CBR Port",
                        "ENNI_Port": "ENNI Port",
                        "CORE_Port": "Core Port",
                        "MIP_ID": "MIP Id"
                    },
                    "inni" : {
                        "TVLAN": "TVLAN",
                        "SVLAN": "SVLAN",
                        "CORE_Port": "Core Port",
                        "MEN_Port": "MEN Port",
                        "MIP_ID": "MIP ID"
                    }

                }
            }
        },
        "Inter_State_EVC_EREACH_Over_EVPL_EVPLAN": {
            "function" : "interstate_evc_ereach_ov_evpl_evplan",
            "vendor": {
                "rad" : {
                    "onnet_offnet" : {

                    }
                }
            }
        }
    }
}
